﻿<?xml version="1.0"?>
<doc>
	<assembly>
		<name>UnityEditor</name>
	</assembly>
	<members>
		<member name="T:UnityEditor.ResolutionDialogSetting">
			<summary></summary>
		</member>
		<member name="T:UnityEditor.InitializeOnLoadAttribute">
			<summary></summary>
		</member>
		<member name="T:UnityEditor.AnimationClipCurveData">
			<summary></summary>
		</member>
		<member name="F:UnityEditor.AnimationClipCurveData.path">
			<summary></summary>
		</member>
		<member name="T:UnityEditor.SceneModeUtility">
			<summary></summary>
		</member>
		<member name="F:UnityEditor.AnimationClipCurveData.type">
			<summary></summary>
		</member>
		<member name="F:UnityEditor.AnimationClipCurveData.propertyName">
			<summary></summary>
		</member>
		<member name="T:UnityEditor.ScriptingImplementation">
			<summary></summary>
		</member>
		<member name="F:UnityEditor.AnimationClipCurveData.curve">
			<summary></summary>
		</member>
		<member name="T:UnityEditor.AvatarPreview/ViewTool">
			<summary></summary>
		</member>
		<member name="T:UnityEditor.ObjectReferenceKeyframe">
			<summary></summary>
		</member>
		<member name="T:UnityEditor.AspectRatio">
			<summary></summary>
		</member>
		<member name="F:UnityEditor.ObjectReferenceKeyframe.time">
			<summary></summary>
		</member>
		<member name="T:UnityEditor.MaterialProperty">
			<summary></summary>
		</member>
		<member name="T:UnityEditor.PopupWindowContent">
			<summary></summary>
		</member>
		<member name="F:UnityEditor.ObjectReferenceKeyframe.value">
			<summary></summary>
		</member>
		<member name="T:UnityEditor.EditorCurveBinding">
			<summary></summary>
		</member>
		<member name="T:UnityEditor.PopupWindow">
			<summary></summary>
		</member>
		<member name="F:UnityEditor.EditorCurveBinding.path">
			<summary></summary>
		</member>
		<member name="T:UnityEditor.MacFullscreenMode">
			<summary></summary>
		</member>
		<member name="F:UnityEditor.EditorCurveBinding.propertyName">
			<summary></summary>
		</member>
		<member name="T:UnityEditor.D3D9FullscreenMode">
			<summary></summary>
		</member>
		<member name="M:UnityEditor.PopupWindow.Show(UnityEngine.Rect,UnityEditor.PopupWindowContent)">
			<summary></summary>
		</member>
		<member name="M:UnityEditor.PopupWindow.Show(UnityEngine.Rect,UnityEditor.PopupWindowContent,UnityEditor.PopupLocationHelper/PopupLocation[])">
			<summary></summary>
		</member>
		<member name="T:UnityEditor.AnimationClipSettings">
			<summary></summary>
		</member>
		<member name="P:UnityEditor.MaterialProperty.targets">
			<summary></summary>
		</member>
		<member name="F:UnityEditor.AnimationClipSettings.startTime">
			<summary></summary>
		</member>
		<member name="M:UnityEditor.SceneModeUtility.GetSelectedObjectsOfType(UnityEngine.GameObject[]&,System.Type[])">
			<summary></summary>
		</member>
		<member name="P:UnityEditor.MaterialProperty.type">
			<summary></summary>
		</member>
		<member name="P:UnityEditor.MaterialProperty.name">
			<summary></summary>
		</member>
		<member name="M:UnityEditor.SceneModeUtility.SearchForType(System.Type)">
			<summary></summary>
		</member>
		<member name="F:UnityEditor.AnimationClipSettings.stopTime">
			<summary></summary>
		</member>
		<member name="T:UnityEditor.StrippingLevel">
			<summary></summary>
		</member>
		<member name="P:UnityEditor.MaterialProperty.displayName">
			<summary></summary>
		</member>
		<member name="F:UnityEditor.AnimationClipSettings.orientationOffsetY">
			<summary></summary>
		</member>
		<member name="M:UnityEditor.SceneModeUtility.SearchBar(System.Type[])">
			<summary></summary>
		</member>
		<member name="P:UnityEditor.MaterialProperty.flags">
			<summary></summary>
		</member>
		<member name="F:UnityEditor.AnimationClipSettings.level">
			<summary></summary>
		</member>
		<member name="P:UnityEditor.MaterialProperty.textureDimension">
			<summary></summary>
		</member>
		<member name="F:UnityEditor.AnimationClipSettings.cycleOffset">
			<summary></summary>
		</member>
		<member name="M:UnityEditor.SceneModeUtility.StaticFlagField(System.String,UnityEditor.SerializedProperty,System.Int32)">
			<summary></summary>
		</member>
		<member name="T:UnityEditor.ScriptCallOptimizationLevel">
			<summary></summary>
		</member>
		<member name="P:UnityEditor.MaterialProperty.rangeLimits">
			<summary></summary>
		</member>
		<member name="F:UnityEditor.AnimationClipSettings.loopTime">
			<summary></summary>
		</member>
		<member name="M:UnityEditor.SceneModeUtility.SetStaticFlags(UnityEngine.Object[],System.Int32,System.Boolean)">
			<summary></summary>
		</member>
		<member name="P:UnityEditor.MaterialProperty.hasMixedValue">
			<summary></summary>
		</member>
		<member name="F:UnityEditor.AnimationClipSettings.loopBlend">
			<summary></summary>
		</member>
		<member name="T:UnityEditor.iOSSdkVersion">
			<summary></summary>
		</member>
		<member name="F:UnityEditor.AnimationClipSettings.loopBlendOrientation">
			<summary></summary>
		</member>
		<member name="P:UnityEditor.MaterialProperty.applyPropertyCallback">
			<summary></summary>
		</member>
		<member name="F:UnityEditor.AnimationClipSettings.loopBlendPositionY">
			<summary></summary>
		</member>
		<member name="M:UnityEditor.SceneModeUtility.GetObjects(UnityEngine.Object[],System.Boolean)">
			<summary></summary>
		</member>
		<member name="T:UnityEditor.iOSTargetOSVersion">
			<summary></summary>
		</member>
		<member name="F:UnityEditor.AnimationClipSettings.loopBlendPositionXZ">
			<summary></summary>
		</member>
		<member name="P:UnityEditor.MaterialProperty.colorValue">
			<summary></summary>
		</member>
		<member name="F:UnityEditor.AnimationClipSettings.keepOriginalOrientation">
			<summary></summary>
		</member>
		<member name="F:UnityEditor.iOSTargetOSVersion.iOS_4_0">
			<summary></summary>
		</member>
		<member name="P:UnityEditor.MaterialProperty.vectorValue">
			<summary></summary>
		</member>
		<member name="F:UnityEditor.AnimationClipSettings.keepOriginalPositionY">
			<summary></summary>
		</member>
		<member name="F:UnityEditor.iOSTargetOSVersion.iOS_4_1">
			<summary></summary>
		</member>
		<member name="P:UnityEditor.MaterialProperty.floatValue">
			<summary></summary>
		</member>
		<member name="F:UnityEditor.AnimationClipSettings.keepOriginalPositionXZ">
			<summary></summary>
		</member>
		<member name="F:UnityEditor.iOSTargetOSVersion.iOS_4_2">
			<summary></summary>
		</member>
		<member name="F:UnityEditor.AnimationClipSettings.heightFromFeet">
			<summary></summary>
		</member>
		<member name="F:UnityEditor.iOSTargetOSVersion.iOS_4_3">
			<summary></summary>
		</member>
		<member name="F:UnityEditor.AnimationClipSettings.mirror">
			<summary></summary>
		</member>
		<member name="F:UnityEditor.iOSTargetOSVersion.iOS_5_0">
			<summary></summary>
		</member>
		<member name="P:UnityEditor.MaterialProperty.textureValue">
			<summary></summary>
		</member>
		<member name="F:UnityEditor.iOSTargetOSVersion.iOS_5_1">
			<summary></summary>
		</member>
		<member name="T:UnityEditor.AnimationUtility">
			<summary></summary>
		</member>
		<member name="P:UnityEditor.MaterialProperty.textureScaleAndOffset">
			<summary></summary>
		</member>
		<member name="F:UnityEditor.iOSTargetOSVersion.iOS_6_0">
			<summary></summary>
		</member>
		<member name="F:UnityEditor.AnimationUtility.onCurveWasModified">
			<summary></summary>
		</member>
		<member name="F:UnityEditor.iOSTargetOSVersion.iOS_7_0">
			<summary></summary>
		</member>
		<member name="F:UnityEditor.iOSTargetOSVersion.iOS_7_1">
			<summary></summary>
		</member>
		<member name="M:UnityEditor.AnimationUtility.GetAnimationClips(UnityEngine.Animation)">
			<summary></summary>
		</member>
		<member name="F:UnityEditor.iOSTargetOSVersion.iOS_8_0">
			<summary></summary>
		</member>
		<member name="M:UnityEditor.AnimationUtility.GetAnimationClips(UnityEngine.GameObject)">
			<summary></summary>
		</member>
		<member name="T:UnityEditor.CustomPreviewAttribute">
			<summary></summary>
		</member>
		<member name="F:UnityEditor.iOSTargetOSVersion.iOS_8_1">
			<summary></summary>
		</member>
		<member name="M:UnityEditor.AnimationUtility.SetAnimationClips(UnityEngine.Animation,UnityEngine.AnimationClip[])">
			<summary></summary>
		</member>
		<member name="M:UnityEditor.AnimationUtility.GetAnimatableBindings(UnityEngine.GameObject,UnityEngine.GameObject)">
			<summary></summary>
		</member>
		<member name="T:UnityEditor.iOSTargetDevice">
			<summary></summary>
		</member>
		<member name="M:UnityEditor.MaterialProperty.ReadFromMaterialPropertyBlock(UnityEngine.MaterialPropertyBlock)">
			<summary></summary>
		</member>
		<member name="M:UnityEditor.AnimationUtility.GetFloatValue(UnityEngine.GameObject,UnityEditor.EditorCurveBinding,System.Single&)">
			<summary></summary>
		</member>
		<member name="F:UnityEditor.iOSTargetDevice.iPhoneOnly">
			<summary></summary>
		</member>
		<member name="T:UnityEditor.RendererModuleUI/RenderMode">
			<summary></summary>
		</member>
		<member name="M:UnityEditor.AnimationUtility.GetEditorCurveValueType(UnityEngine.GameObject,UnityEditor.EditorCurveBinding)">
			<summary></summary>
		</member>
		<member name="T:UnityEditor.CustomPropertyDrawer">
			<summary></summary>
		</member>
		<member name="M:UnityEditor.MaterialProperty.WriteToMaterialPropertyBlock(UnityEngine.MaterialPropertyBlock,System.Int32)">
			<summary></summary>
		</member>
		<member name="F:UnityEditor.iOSTargetDevice.iPadOnly">
			<summary></summary>
		</member>
		<member name="M:UnityEditor.AnimationUtility.GetObjectReferenceValue(UnityEngine.GameObject,UnityEditor.EditorCurveBinding,UnityEngine.Object&)">
			<summary></summary>
		</member>
		<member name="T:UnityEditor.ObjectPreview">
			<summary></summary>
		</member>
		<member name="F:UnityEditor.iOSTargetDevice.iPhoneAndiPad">
			<summary></summary>
		</member>
		<member name="M:UnityEditor.AnimationUtility.GetAnimatedObject(UnityEngine.GameObject,UnityEditor.EditorCurveBinding)">
			<summary></summary>
		</member>
		<member name="T:UnityEditor.iOSShowActivityIndicatorOnLoading">
			<summary></summary>
		</member>
		<member name="T:UnityEditor.DecoratorDrawer">
			<summary></summary>
		</member>
		<member name="M:UnityEditor.AnimationUtility.PropertyModificationToEditorCurveBinding(UnityEditor.PropertyModification,UnityEngine.GameObject,UnityEditor.EditorCurveBinding&)">
			<summary></summary>
		</member>
		<member name="M:UnityEditor.AnimationUtility.GetCurveBindings(UnityEngine.AnimationClip)">
			<summary></summary>
		</member>
		<member name="P:UnityEditor.DecoratorDrawer.attribute">
			<summary></summary>
		</member>
		<member name="M:UnityEditor.AnimationUtility.GetObjectReferenceCurveBindings(UnityEngine.AnimationClip)">
			<summary></summary>
		</member>
		<member name="T:UnityEditor.AndroidTargetDevice">
			<summary></summary>
		</member>
		<member name="P:UnityEditor.ObjectPreview.target">
			<summary></summary>
		</member>
		<member name="M:UnityEditor.AnimationUtility.GetObjectReferenceCurve(UnityEngine.AnimationClip,UnityEditor.EditorCurveBinding)">
			<summary></summary>
		</member>
		<member name="M:UnityEditor.DecoratorDrawer.OnGUI(UnityEngine.Rect)">
			<summary></summary>
		</member>
		<member name="M:UnityEditor.DecoratorDrawer.GetHeight()">
			<summary></summary>
		</member>
		<member name="M:UnityEditor.AnimationUtility.GetEditorCurve(UnityEngine.AnimationClip,UnityEditor.EditorCurveBinding)">
			<summary></summary>
		</member>
		<member name="F:UnityEditor.AndroidTargetDevice.x86">
			<summary></summary>
		</member>
		<member name="M:UnityEditor.ObjectPreview.Initialize(UnityEngine.Object[])">
			<summary></summary>
		</member>
		<member name="T:UnityEditor.GUIDrawer">
			<summary></summary>
		</member>
		<member name="T:UnityEditor.AndroidSdkVersions">
			<summary></summary>
		</member>
		<member name="M:UnityEditor.ObjectPreview.MoveNextTarget()">
			<summary></summary>
		</member>
		<member name="M:UnityEditor.AnimationUtility.SetEditorCurve(UnityEngine.AnimationClip,UnityEditor.EditorCurveBinding,UnityEngine.AnimationCurve)">
			<summary></summary>
		</member>
		<member name="M:UnityEditor.ObjectPreview.ResetTarget()">
			<summary></summary>
		</member>
		<member name="T:UnityEditor.PropertyDrawer">
			<summary></summary>
		</member>
		<member name="M:UnityEditor.AnimationUtility.SetObjectReferenceCurve(UnityEngine.AnimationClip,UnityEditor.EditorCurveBinding,UnityEditor.ObjectReferenceKeyframe[])">
			<summary></summary>
		</member>
		<member name="M:UnityEditor.ObjectPreview.HasPreviewGUI()">
			<summary></summary>
		</member>
		<member name="M:UnityEditor.AnimationUtility.GetAllCurves(UnityEngine.AnimationClip)">
			<summary></summary>
		</member>
		<member name="P:UnityEditor.PropertyDrawer.attribute">
			<summary></summary>
		</member>
		<member name="M:UnityEditor.AnimationUtility.GetAllCurves(UnityEngine.AnimationClip,System.Boolean)">
			<summary></summary>
		</member>
		<member name="P:UnityEditor.PropertyDrawer.fieldInfo">
			<summary></summary>
		</member>
		<member name="M:UnityEditor.ObjectPreview.GetPreviewTitle()">
			<summary></summary>
		</member>
		<member name="M:UnityEditor.AnimationUtility.GetFloatValue(UnityEngine.GameObject,System.String,System.Type,System.String,System.Single&)">
			<summary></summary>
		</member>
		<member name="M:UnityEditor.ObjectPreview.OnPreviewGUI(UnityEngine.Rect,UnityEngine.GUIStyle)">
			<summary></summary>
		</member>
		<member name="M:UnityEditor.AnimationUtility.SetEditorCurve(UnityEngine.AnimationClip,System.String,System.Type,System.String,UnityEngine.AnimationCurve)">
			<summary></summary>
		</member>
		<member name="M:UnityEditor.ObjectPreview.OnInteractivePreviewGUI(UnityEngine.Rect,UnityEngine.GUIStyle)">
			<summary></summary>
		</member>
		<member name="T:UnityEditor.AndroidPreferredInstallLocation">
			<summary></summary>
		</member>
		<member name="M:UnityEditor.PropertyDrawer.OnGUI(UnityEngine.Rect,UnityEditor.SerializedProperty,UnityEngine.GUIContent)">
			<summary></summary>
		</member>
		<member name="M:UnityEditor.AnimationUtility.GetEditorCurve(UnityEngine.AnimationClip,System.String,System.Type,System.String)">
			<summary></summary>
		</member>
		<member name="M:UnityEditor.ObjectPreview.OnPreviewSettings()">
			<summary></summary>
		</member>
		<member name="M:UnityEditor.AnimationUtility.GetAnimationEvents(UnityEngine.AnimationClip)">
			<summary></summary>
		</member>
		<member name="M:UnityEditor.PropertyDrawer.GetPropertyHeight(UnityEditor.SerializedProperty,UnityEngine.GUIContent)">
			<summary></summary>
		</member>
		<member name="M:UnityEditor.ObjectPreview.GetInfoString()">
			<summary></summary>
		</member>
		<member name="M:UnityEditor.AnimationUtility.SetAnimationEvents(UnityEngine.AnimationClip,UnityEngine.AnimationEvent[])">
			<summary></summary>
		</member>
		<member name="M:UnityEditor.ObjectPreview.DrawPreview(UnityEngine.Rect)">
			<summary></summary>
		</member>
		<member name="M:UnityEditor.AnimationUtility.CalculateTransformPath(UnityEngine.Transform,UnityEngine.Transform)">
			<summary></summary>
		</member>
		<member name="M:UnityEditor.ObjectPreview.DrawPreview(UnityEditor.IPreviewable,UnityEngine.Rect,UnityEngine.Object[])">
			<summary></summary>
		</member>
		<member name="M:UnityEditor.AnimationUtility.GetAnimationClipSettings(UnityEngine.AnimationClip)">
			<summary></summary>
		</member>
		<member name="T:UnityEditor.AndroidShowActivityIndicatorOnLoading">
			<summary></summary>
		</member>
		<member name="M:UnityEditor.AnimationUtility.IsValidPolynomialCurve(UnityEngine.AnimationCurve)">
			<summary></summary>
		</member>
		<member name="M:UnityEditor.AnimationUtility.ConstrainToPolynomialCurve(UnityEngine.AnimationCurve)">
			<summary></summary>
		</member>
		<member name="T:UnityEditor.TargetGlesGraphics">
			<summary></summary>
		</member>
		<member name="M:UnityEditor.AnimationUtility.SetAnimationType(UnityEngine.AnimationClip,UnityEditor.ModelImporterAnimationType)">
			<summary></summary>
		</member>
		<member name="T:UnityEditor.iOSTargetResolution">
			<summary></summary>
		</member>
		<member name="T:UnityEditor.AnimationMode">
			<summary></summary>
		</member>
		<member name="P:UnityEditor.AnimationMode.animatedPropertyColor">
			<summary></summary>
		</member>
		<member name="T:UnityEditor.UIOrientation">
			<summary></summary>
		</member>
		<member name="M:UnityEditor.AnimationMode.IsPropertyAnimated(UnityEngine.Object,System.String)">
			<summary></summary>
		</member>
		<member name="M:UnityEditor.AnimationMode.StopAnimationMode()">
			<summary></summary>
		</member>
		<member name="T:UnityEditor.BaseHierarchySort">
			<summary></summary>
		</member>
		<member name="M:UnityEditor.AnimationMode.InAnimationMode()">
			<summary></summary>
		</member>
		<member name="T:UnityEditor.iOSStatusBarStyle">
			<summary></summary>
		</member>
		<member name="M:UnityEditor.AnimationMode.StartAnimationMode()">
			<summary></summary>
		</member>
		<member name="T:UnityEditor.GameViewSizeGroupType">
			<summary></summary>
		</member>
		<member name="M:UnityEditor.AnimationMode.BeginSampling()">
			<summary></summary>
		</member>
		<member name="P:UnityEditor.BaseHierarchySort.content">
			<summary></summary>
		</member>
		<member name="M:UnityEditor.AnimationMode.EndSampling()">
			<summary></summary>
		</member>
		<member name="T:UnityEditor.AndroidSplashScreenScale">
			<summary></summary>
		</member>
		<member name="M:UnityEditor.AnimationMode.SampleAnimationClip(UnityEngine.GameObject,UnityEngine.AnimationClip,System.Single)">
			<summary></summary>
		</member>
		<member name="M:UnityEditor.BaseHierarchySort.Compare(UnityEngine.GameObject,UnityEngine.GameObject)">
			<summary></summary>
		</member>
		<member name="M:UnityEditor.AnimationMode.AddPropertyModification(UnityEditor.EditorCurveBinding,UnityEditor.PropertyModification,System.Boolean)">
			<summary></summary>
		</member>
		<member name="T:UnityEditor.SaveType">
			<summary></summary>
		</member>
		<member name="T:UnityEditor.TransformSort">
			<summary></summary>
		</member>
		<member name="T:UnityEditor.ApiCompatibilityLevel">
			<summary></summary>
		</member>
		<member name="T:UnityEditor.RemoveAssetOptions">
			<summary></summary>
		</member>
		<member name="P:UnityEditor.TransformSort.content">
			<summary></summary>
		</member>
		<member name="T:UnityEditor.AlphabeticalSort">
			<summary></summary>
		</member>
		<member name="T:UnityEditor.MaterialEditor">
			<summary></summary>
		</member>
		<member name="T:UnityEditor.ImportAssetOptions">
			<summary></summary>
		</member>
		<member name="T:UnityEditor.LightmapBakeQuality">
			<summary></summary>
		</member>
		<member name="P:UnityEditor.AlphabeticalSort.content">
			<summary></summary>
		</member>
		<member name="T:UnityEditor.AssetDatabase">
			<summary></summary>
		</member>
		<member name="M:UnityEditor.AlphabeticalSort.Compare(UnityEngine.GameObject,UnityEngine.GameObject)">
			<summary></summary>
		</member>
		<member name="T:UnityEditor.MaterialPropertyDrawer">
			<summary></summary>
		</member>
		<member name="T:UnityEditor.PlayerSettings">
			<summary></summary>
		</member>
		<member name="M:UnityEditor.MaterialPropertyDrawer.OnGUI(UnityEngine.Rect,UnityEditor.MaterialProperty,System.String,UnityEditor.MaterialEditor)">
			<summary></summary>
		</member>
		<member name="M:UnityEditor.MaterialPropertyDrawer.GetPropertyHeight(UnityEditor.MaterialProperty,System.String,UnityEditor.MaterialEditor)">
			<summary></summary>
		</member>
		<member name="M:UnityEditor.MaterialPropertyDrawer.Apply(UnityEditor.MaterialProperty)">
			<summary></summary>
		</member>
		<member name="T:UnityEditor.IHasCustomMenu">
			<summary></summary>
		</member>
		<member name="M:UnityEditor.IHasCustomMenu.AddItemsToMenu(UnityEditor.GenericMenu)">
			<summary></summary>
		</member>
		<member name="T:UnityEditor.PlayerSettings/SamsungTV">
			<summary></summary>
		</member>
		<member name="T:UnityEditor.BuildOptions">
			<summary></summary>
		</member>
		<member name="T:UnityEditor.EditorStyles">
			<summary></summary>
		</member>
		<member name="T:UnityEditor.ProjectWindowUtil">
			<summary></summary>
		</member>
		<member name="T:UnityEditor.SearchableEditorWindow">
			<summary></summary>
		</member>
		<member name="T:UnityEditor.PreferenceItem">
			<summary></summary>
		</member>
		<member name="T:UnityEditor.BuildAssetBundleOptions">
			<summary></summary>
		</member>
		<member name="T:UnityEditor.BuildPipeline">
			<summary></summary>
		</member>
		<member name="M:UnityEditor.SearchableEditorWindow.OnEnable()">
			<summary></summary>
		</member>
		<member name="M:UnityEditor.SearchableEditorWindow.OnDisable()">
			<summary></summary>
		</member>
		<member name="P:UnityEditor.BuildPipeline.isBuildingPlayer">
			<summary></summary>
		</member>
		<member name="T:UnityEditor.ScriptableWizard">
			<summary></summary>
		</member>
		<member name="T:UnityEditor.CurveWrapper/SelectionMode">
			<summary></summary>
		</member>
		<member name="M:UnityEditor.BuildPipeline.PushAssetDependencies()">
			<summary></summary>
		</member>
		<member name="M:UnityEditor.BuildPipeline.PopAssetDependencies()">
			<summary></summary>
		</member>
		<member name="P:UnityEditor.ScriptableWizard.helpString">
			<summary></summary>
		</member>
		<member name="P:UnityEditor.ScriptableWizard.errorString">
			<summary></summary>
		</member>
		<member name="M:UnityEditor.BuildPipeline.BuildPlayer(System.String[],System.String,UnityEditor.BuildTarget,UnityEditor.BuildOptions)">
			<summary></summary>
		</member>
		<member name="P:UnityEditor.ScriptableWizard.isValid">
			<summary></summary>
		</member>
		<member name="M:UnityEditor.BuildPipeline.BuildStreamedSceneAssetBundle(System.String[],System.String,UnityEditor.BuildTarget,UnityEditor.BuildOptions)">
			<summary></summary>
		</member>
		<member name="M:UnityEditor.BuildPipeline.BuildStreamedSceneAssetBundle(System.String[],System.String,UnityEditor.BuildTarget)">
			<summary></summary>
		</member>
		<member name="T:UnityEditor.MathUtils">
			<summary></summary>
		</member>
		<member name="M:UnityEditor.BuildPipeline.BuildStreamedSceneAssetBundle(System.String[],System.String,UnityEditor.BuildTarget,System.UInt32&,UnityEditor.BuildOptions)">
			<summary></summary>
		</member>
		<member name="M:UnityEditor.ScriptableWizard.DisplayWizard(System.String)">
			<summary></summary>
		</member>
		<member name="M:UnityEditor.BuildPipeline.BuildStreamedSceneAssetBundle(System.String[],System.String,UnityEditor.BuildTarget,System.UInt32&)">
			<summary></summary>
		</member>
		<member name="M:UnityEditor.ScriptableWizard.DisplayWizard(System.String,System.String)">
			<summary></summary>
		</member>
		<member name="M:UnityEditor.ScriptableWizard.DisplayWizard(System.String,System.String,System.String)">
			<summary></summary>
		</member>
		<member name="M:UnityEditor.BuildPipeline.BuildAssetBundle(UnityEngine.Object,UnityEngine.Object[],System.String,UnityEditor.BuildAssetBundleOptions,UnityEditor.BuildTarget)">
			<summary></summary>
		</member>
		<member name="M:UnityEditor.ScriptableWizard.DisplayWizard(System.String,System.Type,System.String)">
			<summary></summary>
		</member>
		<member name="M:UnityEditor.BuildPipeline.BuildAssetBundle(UnityEngine.Object,UnityEngine.Object[],System.String,UnityEditor.BuildAssetBundleOptions)">
			<summary></summary>
		</member>
		<member name="M:UnityEditor.ScriptableWizard.DisplayWizard(System.String,System.Type)">
			<summary></summary>
		</member>
		<member name="M:UnityEditor.BuildPipeline.BuildAssetBundle(UnityEngine.Object,UnityEngine.Object[],System.String)">
			<summary></summary>
		</member>
		<member name="M:UnityEditor.ScriptableWizard.DisplayWizard(System.String,System.Type,System.String,System.String)">
			<summary></summary>
		</member>
		<member name="M:UnityEditor.BuildPipeline.BuildAssetBundle(UnityEngine.Object,UnityEngine.Object[],System.String,System.UInt32&,UnityEditor.BuildAssetBundleOptions,UnityEditor.BuildTarget)">
			<summary></summary>
		</member>
		<member name="M:UnityEditor.MathUtils.GetQuatLength(UnityEngine.Quaternion)">
			<summary></summary>
		</member>
		<member name="T:UnityEditor.BodyPart">
			<summary></summary>
		</member>
		<member name="M:UnityEditor.BuildPipeline.BuildAssetBundle(UnityEngine.Object,UnityEngine.Object[],System.String,System.UInt32&,UnityEditor.BuildAssetBundleOptions)">
			<summary></summary>
		</member>
		<member name="M:UnityEditor.MathUtils.GetQuatConjugate(UnityEngine.Quaternion)">
			<summary></summary>
		</member>
		<member name="M:UnityEditor.BuildPipeline.BuildAssetBundle(UnityEngine.Object,UnityEngine.Object[],System.String,System.UInt32&)">
			<summary></summary>
		</member>
		<member name="M:UnityEditor.MathUtils.OrthogonalizeMatrix(UnityEngine.Matrix4x4)">
			<summary></summary>
		</member>
		<member name="P:UnityEditor.EditorStyles.label">
			<summary></summary>
		</member>
		<member name="M:UnityEditor.MathUtils.QuaternionNormalize(UnityEngine.Quaternion&)">
			<summary></summary>
		</member>
		<member name="T:UnityEditor.SerializedPropertyType">
			<summary></summary>
		</member>
		<member name="T:UnityEditor.BoneState">
			<summary></summary>
		</member>
		<member name="M:UnityEditor.BuildPipeline.BuildAssetBundleExplicitAssetNames(UnityEngine.Object[],System.String[],System.String,UnityEditor.BuildAssetBundleOptions,UnityEditor.BuildTarget)">
			<summary></summary>
		</member>
		<member name="P:UnityEditor.EditorStyles.miniLabel">
			<summary></summary>
		</member>
		<member name="M:UnityEditor.MathUtils.QuaternionFromMatrix(UnityEngine.Matrix4x4)">
			<summary></summary>
		</member>
		<member name="M:UnityEditor.BuildPipeline.BuildAssetBundleExplicitAssetNames(UnityEngine.Object[],System.String[],System.String,UnityEditor.BuildAssetBundleOptions)">
			<summary></summary>
		</member>
		<member name="P:UnityEditor.EditorStyles.largeLabel">
			<summary></summary>
		</member>
		<member name="M:UnityEditor.MathUtils.GetQuatLog(UnityEngine.Quaternion)">
			<summary></summary>
		</member>
		<member name="P:UnityEditor.EditorStyles.boldLabel">
			<summary></summary>
		</member>
		<member name="M:UnityEditor.BuildPipeline.BuildAssetBundleExplicitAssetNames(UnityEngine.Object[],System.String[],System.String)">
			<summary></summary>
		</member>
		<member name="M:UnityEditor.MathUtils.GetQuatExp(UnityEngine.Quaternion)">
			<summary></summary>
		</member>
		<member name="P:UnityEditor.EditorStyles.miniBoldLabel">
			<summary></summary>
		</member>
		<member name="M:UnityEditor.BuildPipeline.BuildAssetBundleExplicitAssetNames(UnityEngine.Object[],System.String[],System.String,System.UInt32&,UnityEditor.BuildAssetBundleOptions,UnityEditor.BuildTarget)">
			<summary></summary>
		</member>
		<member name="M:UnityEditor.MathUtils.GetQuatSquad(System.Single,UnityEngine.Quaternion,UnityEngine.Quaternion,UnityEngine.Quaternion,UnityEngine.Quaternion)">
			<summary></summary>
		</member>
		<member name="P:UnityEditor.EditorStyles.wordWrappedLabel">
			<summary></summary>
		</member>
		<member name="M:UnityEditor.MathUtils.GetSquadIntermediate(UnityEngine.Quaternion,UnityEngine.Quaternion,UnityEngine.Quaternion)">
			<summary></summary>
		</member>
		<member name="M:UnityEditor.BuildPipeline.BuildAssetBundleExplicitAssetNames(UnityEngine.Object[],System.String[],System.String,System.UInt32&,UnityEditor.BuildAssetBundleOptions)">
			<summary></summary>
		</member>
		<member name="P:UnityEditor.EditorStyles.wordWrappedMiniLabel">
			<summary></summary>
		</member>
		<member name="M:UnityEditor.MathUtils.Ease(System.Single,System.Single,System.Single)">
			<summary></summary>
		</member>
		<member name="M:UnityEditor.BuildPipeline.BuildAssetBundleExplicitAssetNames(UnityEngine.Object[],System.String[],System.String,System.UInt32&)">
			<summary></summary>
		</member>
		<member name="P:UnityEditor.EditorStyles.whiteLabel">
			<summary></summary>
		</member>
		<member name="M:UnityEditor.MathUtils.Slerp(UnityEngine.Quaternion,UnityEngine.Quaternion,System.Single)">
			<summary></summary>
		</member>
		<member name="M:UnityEditor.MathUtils.IntersectRayTriangle(UnityEngine.Ray,UnityEngine.Vector3,UnityEngine.Vector3,UnityEngine.Vector3,System.Boolean)">
			<summary></summary>
		</member>
		<member name="M:UnityEditor.MathUtils.ClosestPtSegmentRay(UnityEngine.Vector3,UnityEngine.Vector3,UnityEngine.Ray,System.Single&,System.Single&,UnityEngine.Vector3&)">
			<summary></summary>
		</member>
		<member name="P:UnityEditor.EditorStyles.whiteMiniLabel">
			<summary></summary>
		</member>
		<member name="P:UnityEditor.EditorStyles.whiteLargeLabel">
			<summary></summary>
		</member>
		<member name="M:UnityEditor.MathUtils.IntersectRaySphere(UnityEngine.Ray,UnityEngine.Vector3,System.Single,System.Single&,UnityEngine.Vector3&)">
			<summary></summary>
		</member>
		<member name="P:UnityEditor.EditorStyles.whiteBoldLabel">
			<summary></summary>
		</member>
		<member name="T:UnityEditor.SerializedObject">
			<summary></summary>
		</member>
		<member name="M:UnityEditor.MathUtils.ClosestPtRaySphere(UnityEngine.Ray,UnityEngine.Vector3,System.Single,System.Single&,UnityEngine.Vector3&)">
			<summary></summary>
		</member>
		<member name="P:UnityEditor.EditorStyles.radioButton">
			<summary></summary>
		</member>
		<member name="T:UnityEditor.DrawCameraMode">
			<summary></summary>
		</member>
		<member name="P:UnityEditor.SerializedObject.targetObject">
			<summary></summary>
		</member>
		<member name="P:UnityEditor.EditorStyles.miniButton">
			<summary></summary>
		</member>
		<member name="P:UnityEditor.SerializedObject.targetObjects">
			<summary></summary>
		</member>
		<member name="P:UnityEditor.EditorStyles.miniButtonLeft">
			<summary></summary>
		</member>
		<member name="T:UnityEditor.StaticEditorFlags">
			<summary></summary>
		</member>
		<member name="P:UnityEditor.EditorStyles.miniButtonMid">
			<summary></summary>
		</member>
		<member name="P:UnityEditor.SerializedObject.isEditingMultipleObjects">
			<summary></summary>
		</member>
		<member name="P:UnityEditor.EditorStyles.miniButtonRight">
			<summary></summary>
		</member>
		<member name="P:UnityEditor.EditorStyles.textField">
			<summary></summary>
		</member>
		<member name="T:UnityEditor.EditorGUILayout">
			<summary></summary>
		</member>
		<member name="T:UnityEditor.Handles">
			<summary></summary>
		</member>
		<member name="P:UnityEditor.EditorStyles.textArea">
			<summary></summary>
		</member>
		<member name="M:UnityEditor.SerializedObject.Update()">
			<summary></summary>
		</member>
		<member name="T:UnityEditor.EditorGUIUtility">
			<summary></summary>
		</member>
		<member name="P:UnityEditor.EditorStyles.miniTextField">
			<summary></summary>
		</member>
		<member name="T:UnityEditor.EditorApplication">
			<summary></summary>
		</member>
		<member name="M:UnityEditor.SerializedObject.SetIsDifferentCacheDirty()">
			<summary></summary>
		</member>
		<member name="P:UnityEditor.EditorStyles.numberField">
			<summary></summary>
		</member>
		<member name="F:UnityEditor.EditorApplication.projectWindowItemOnGUI">
			<summary></summary>
		</member>
		<member name="M:UnityEditor.SerializedObject.UpdateIfDirtyOrScript()">
			<summary></summary>
		</member>
		<member name="T:UnityEditor.BuildTarget">
			<summary></summary>
		</member>
		<member name="P:UnityEditor.EditorStyles.popup">
			<summary></summary>
		</member>
		<member name="F:UnityEditor.EditorApplication.hierarchyWindowItemOnGUI">
			<summary></summary>
		</member>
		<member name="F:UnityEditor.EditorApplication.update">
			<summary></summary>
		</member>
		<member name="P:UnityEditor.EditorStyles.objectField">
			<summary></summary>
		</member>
		<member name="M:UnityEditor.SerializedObject.GetIterator()">
			<summary></summary>
		</member>
		<member name="P:UnityEditor.EditorStyles.objectFieldThumb">
			<summary></summary>
		</member>
		<member name="F:UnityEditor.EditorApplication.hierarchyWindowChanged">
			<summary></summary>
		</member>
		<member name="M:UnityEditor.SerializedObject.FindProperty(System.String)">
			<summary></summary>
		</member>
		<member name="F:UnityEditor.EditorApplication.projectWindowChanged">
			<summary></summary>
		</member>
		<member name="T:UnityEditor.CustomEditor">
			<summary></summary>
		</member>
		<member name="P:UnityEditor.EditorStyles.colorField">
			<summary></summary>
		</member>
		<member name="F:UnityEditor.EditorApplication.searchChanged">
			<summary></summary>
		</member>
		<member name="P:UnityEditor.EditorStyles.layerMaskField">
			<summary></summary>
		</member>
		<member name="M:UnityEditor.SerializedObject.ApplyModifiedProperties()">
			<summary></summary>
		</member>
		<member name="P:UnityEditor.EditorStyles.toggle">
			<summary></summary>
		</member>
		<member name="T:UnityEditor.CanEditMultipleObjects">
			<summary></summary>
		</member>
		<member name="M:UnityEditor.SerializedObject.CopyFromSerializedProperty(UnityEditor.SerializedProperty)">
			<summary></summary>
		</member>
		<member name="P:UnityEditor.EditorStyles.foldout">
			<summary></summary>
		</member>
		<member name="P:UnityEditor.EditorStyles.foldoutPreDrop">
			<summary></summary>
		</member>
		<member name="F:UnityEditor.EditorApplication.modifierKeysChanged">
			<summary></summary>
		</member>
		<member name="T:UnityEditor.Editor">
			<summary></summary>
		</member>
		<member name="P:UnityEditor.EditorStyles.toggleGroup">
			<summary></summary>
		</member>
		<member name="F:UnityEditor.EditorApplication.playmodeStateChanged">
			<summary></summary>
		</member>
		<member name="T:UnityEditor.MessageType">
			<summary></summary>
		</member>
		<member name="T:UnityEditor.SerializedProperty">
			<summary></summary>
		</member>
		<member name="P:UnityEditor.EditorStyles.standardFont">
			<summary></summary>
		</member>
		<member name="P:UnityEditor.EditorStyles.boldFont">
			<summary></summary>
		</member>
		<member name="P:UnityEditor.EditorApplication.currentScene">
			<summary></summary>
		</member>
		<member name="T:UnityEditor.EditorSkin">
			<summary></summary>
		</member>
		<member name="T:UnityEditor.SubstanceImporter">
			<summary></summary>
		</member>
		<member name="P:UnityEditor.EditorStyles.miniFont">
			<summary></summary>
		</member>
		<member name="P:UnityEditor.EditorApplication.isPlaying">
			<summary></summary>
		</member>
		<member name="M:UnityEditor.SubstanceImporter.GetPrototypeNames()">
			<summary></summary>
		</member>
		<member name="P:UnityEditor.EditorStyles.miniBoldFont">
			<summary></summary>
		</member>
		<member name="P:UnityEditor.EditorApplication.isPlayingOrWillChangePlaymode">
			<summary></summary>
		</member>
		<member name="M:UnityEditor.SubstanceImporter.GetMaterialCount()">
			<summary></summary>
		</member>
		<member name="P:UnityEditor.EditorStyles.toolbar">
			<summary></summary>
		</member>
		<member name="P:UnityEditor.EditorApplication.isPaused">
			<summary></summary>
		</member>
		<member name="M:UnityEditor.SubstanceImporter.GetMaterials()">
			<summary></summary>
		</member>
		<member name="T:UnityEditor.MouseCursor">
			<summary></summary>
		</member>
		<member name="T:UnityEditor.Handles/FilterMode">
			<summary></summary>
		</member>
		<member name="M:UnityEditor.SubstanceImporter.CloneMaterial(UnityEngine.ProceduralMaterial)">
			<summary></summary>
		</member>
		<member name="P:UnityEditor.EditorStyles.toolbarButton">
			<summary></summary>
		</member>
		<member name="P:UnityEditor.EditorApplication.isCompiling">
			<summary></summary>
		</member>
		<member name="M:UnityEditor.SubstanceImporter.InstantiateMaterial(System.String)">
			<summary></summary>
		</member>
		<member name="P:UnityEditor.EditorStyles.toolbarPopup">
			<summary></summary>
		</member>
		<member name="P:UnityEditor.EditorApplication.isUpdating">
			<summary></summary>
		</member>
		<member name="M:UnityEditor.SubstanceImporter.DestroyMaterial(UnityEngine.ProceduralMaterial)">
			<summary></summary>
		</member>
		<member name="M:UnityEditor.SubstanceImporter.ResetMaterial(UnityEngine.ProceduralMaterial)">
			<summary></summary>
		</member>
		<member name="F:UnityEditor.BuildTarget.iPhone">
			<summary></summary>
		</member>
		<member name="P:UnityEditor.EditorStyles.toolbarDropDown">
			<summary></summary>
		</member>
		<member name="P:UnityEditor.EditorApplication.applicationContentsPath">
			<summary></summary>
		</member>
		<member name="M:UnityEditor.SubstanceImporter.RenameMaterial(UnityEngine.ProceduralMaterial,System.String)">
			<summary></summary>
		</member>
		<member name="P:UnityEditor.EditorStyles.toolbarTextField">
			<summary></summary>
		</member>
		<member name="P:UnityEditor.EditorApplication.applicationPath">
			<summary></summary>
		</member>
		<member name="M:UnityEditor.SubstanceImporter.OnShaderModified(UnityEngine.ProceduralMaterial)">
			<summary></summary>
		</member>
		<member name="P:UnityEditor.EditorStyles.inspectorDefaultMargins">
			<summary></summary>
		</member>
		<member name="T:UnityEditor.HandleUtility">
			<summary></summary>
		</member>
		<member name="M:UnityEditor.SubstanceImporter.GetMaterialOffset(UnityEngine.ProceduralMaterial)">
			<summary></summary>
		</member>
		<member name="P:UnityEditor.EditorStyles.inspectorFullWidthMargins">
			<summary></summary>
		</member>
		<member name="M:UnityEditor.SubstanceImporter.SetMaterialOffset(UnityEngine.ProceduralMaterial,UnityEngine.Vector2)">
			<summary></summary>
		</member>
		<member name="P:UnityEditor.EditorApplication.timeSinceStartup">
			<summary></summary>
		</member>
		<member name="T:UnityEditor.ReplacePrefabOptions">
			<summary></summary>
		</member>
		<member name="M:UnityEditor.EditorApplication.NewScene()">
			<summary></summary>
		</member>
		<member name="M:UnityEditor.SubstanceImporter.GetMaterialScale(UnityEngine.ProceduralMaterial)">
			<summary></summary>
		</member>
		<member name="T:UnityEditor.UndoPropertyModification">
			<summary></summary>
		</member>
		<member name="M:UnityEditor.SubstanceImporter.SetMaterialScale(UnityEngine.ProceduralMaterial,UnityEngine.Vector2)">
			<summary></summary>
		</member>
		<member name="F:UnityEditor.UndoPropertyModification.propertyModification">
			<summary></summary>
		</member>
		<member name="T:UnityEditor.PrefabType">
			<summary></summary>
		</member>
		<member name="M:UnityEditor.EditorApplication.OpenScene(System.String)">
			<summary></summary>
		</member>
		<member name="M:UnityEditor.SubstanceImporter.GetGenerateAllOutputs(UnityEngine.ProceduralMaterial)">
			<summary></summary>
		</member>
		<member name="M:UnityEditor.EditorApplication.OpenSceneAdditive(System.String)">
			<summary></summary>
		</member>
		<member name="M:UnityEditor.SubstanceImporter.SetGenerateAllOutputs(UnityEngine.ProceduralMaterial,System.Boolean)">
			<summary></summary>
		</member>
		<member name="T:UnityEditor.ExportPackageOptions">
			<summary></summary>
		</member>
		<member name="T:UnityEditor.SCEBuildSubtarget">
			<summary></summary>
		</member>
		<member name="M:UnityEditor.SubstanceImporter.GetAnimationUpdateRate(UnityEngine.ProceduralMaterial)">
			<summary></summary>
		</member>
		<member name="T:UnityEditor.BuildTargetGroup">
			<summary></summary>
		</member>
		<member name="M:UnityEditor.SubstanceImporter.SetAnimationUpdateRate(UnityEngine.ProceduralMaterial,System.Int32)">
			<summary></summary>
		</member>
		<member name="M:UnityEditor.EditorApplication.SaveScene(System.String,System.Boolean)">
			<summary></summary>
		</member>
		<member name="M:UnityEditor.SubstanceImporter.GetGenerateMipMaps(UnityEngine.ProceduralMaterial)">
			<summary></summary>
		</member>
		<member name="T:UnityEditor.XboxBuildSubtarget">
			<summary></summary>
		</member>
		<member name="T:UnityEditor.PropertyModification">
			<summary></summary>
		</member>
		<member name="T:UnityEditor.EditorBehaviorMode">
			<summary></summary>
		</member>
		<member name="M:UnityEditor.SubstanceImporter.SetGenerateMipMaps(UnityEngine.ProceduralMaterial,System.Boolean)">
			<summary></summary>
		</member>
		<member name="M:UnityEditor.EditorApplication.SaveScene(System.String)">
			<summary></summary>
		</member>
		<member name="T:UnityEditor.FileUtil">
			<summary></summary>
		</member>
		<member name="F:UnityEditor.BuildTargetGroup.iPhone">
			<summary></summary>
		</member>
		<member name="M:UnityEditor.SubstanceImporter.GetTextureAlphaSource(UnityEngine.ProceduralMaterial,System.String)">
			<summary></summary>
		</member>
		<member name="M:UnityEditor.EditorApplication.SaveScene()">
			<summary></summary>
		</member>
		<member name="M:UnityEditor.SubstanceImporter.SetTextureAlphaSource(UnityEngine.ProceduralMaterial,System.String,UnityEngine.ProceduralOutputType)">
			<summary></summary>
		</member>
		<member name="T:UnityEditor.SpritePackerMode">
			<summary></summary>
		</member>
		<member name="T:UnityEditor.XboxRunMethod">
			<summary></summary>
		</member>
		<member name="M:UnityEditor.EditorApplication.SaveCurrentSceneIfUserWantsTo()">
			<summary></summary>
		</member>
		<member name="M:UnityEditor.SubstanceImporter.GetPlatformTextureSettings(System.String,System.String,System.Int32&,System.Int32&,System.Int32&,System.Int32&)">
			<summary></summary>
		</member>
		<member name="F:UnityEditor.PropertyModification.target">
			<summary></summary>
		</member>
		<member name="M:UnityEditor.SubstanceImporter.SetPlatformTextureSettings(System.String,System.String,System.Int32,System.Int32,System.Int32,System.Int32)">
			<summary></summary>
		</member>
		<member name="M:UnityEditor.EditorApplication.OpenProject(System.String,System.String[])">
			<summary></summary>
		</member>
		<member name="T:UnityEditor.EditorMaterialUtility">
			<summary></summary>
		</member>
		<member name="T:UnityEditor.AndroidBuildSubtarget">
			<summary></summary>
		</member>
		<member name="M:UnityEditor.EditorApplication.SaveAssets()">
			<summary></summary>
		</member>
		<member name="M:UnityEditor.EditorMaterialUtility.ResetDefaultTextures(UnityEngine.Material,System.Boolean)">
			<summary></summary>
		</member>
		<member name="T:UnityEditor.EditorWindow">
			<summary></summary>
		</member>
		<member name="M:UnityEditor.EditorMaterialUtility.SetShaderDefaults(UnityEngine.Shader,System.String[],UnityEngine.Texture[])">
			<summary></summary>
		</member>
		<member name="T:UnityEditor.CallbackOrderAttribute">
			<summary></summary>
		</member>
		<member name="T:UnityEditor.SubstanceArchive">
			<summary></summary>
		</member>
		<member name="M:UnityEditor.EditorApplication.Step()">
			<summary></summary>
		</member>
		<member name="T:UnityEditor.PSP2BuildSubtarget">
			<summary></summary>
		</member>
		<member name="T:UnityEditor.SelectionMode">
			<summary></summary>
		</member>
		<member name="T:UnityEditor.BlackBerryBuildType">
			<summary></summary>
		</member>
		<member name="M:UnityEditor.EditorApplication.LockReloadAssemblies()">
			<summary></summary>
		</member>
		<member name="T:UnityEditor.AssetMoveResult">
			<summary></summary>
		</member>
		<member name="M:UnityEditor.EditorApplication.ExecuteMenuItem(System.String)">
			<summary></summary>
		</member>
		<member name="T:UnityEditor.ModelImporterAnimationType">
			<summary></summary>
		</member>
		<member name="T:UnityEditor.EditorUserBuildSettings">
			<summary></summary>
		</member>
		<member name="T:UnityEditor.Selection">
			<summary></summary>
		</member>
		<member name="M:UnityEditor.EditorApplication.UnlockReloadAssemblies()">
			<summary></summary>
		</member>
		<member name="T:UnityEditor.AudioImporterLoadType">
			<summary></summary>
		</member>
		<member name="P:UnityEditor.Selection.transforms">
			<summary></summary>
		</member>
		<member name="T:UnityEditor.AssetDeleteResult">
			<summary></summary>
		</member>
		<member name="T:UnityEditor.IconDrawStyle">
			<summary></summary>
		</member>
		<member name="M:UnityEditor.EditorApplication.Exit(System.Int32)">
			<summary></summary>
		</member>
		<member name="T:UnityEditor.ModelImporter">
			<summary></summary>
		</member>
		<member name="T:UnityEditor.MonoImporter">
			<summary></summary>
		</member>
		<member name="M:UnityEditor.EditorApplication.RepaintProjectWindow()">
			<summary></summary>
		</member>
		<member name="T:UnityEditor.AudioImporter">
			<summary></summary>
		</member>
		<member name="P:UnityEditor.Selection.activeTransform">
			<summary></summary>
		</member>
		<member name="T:UnityEditor.TextureImporterFormat">
			<summary></summary>
		</member>
		<member name="M:UnityEditor.EditorApplication.RepaintAnimationWindow()">
			<summary></summary>
		</member>
		<member name="M:UnityEditor.MonoImporter.SetDefaultReferences(System.String[],UnityEngine.Object[])">
			<summary></summary>
		</member>
		<member name="P:UnityEditor.Selection.gameObjects">
			<summary></summary>
		</member>
		<member name="T:UnityEditor.UnwrapParam">
			<summary></summary>
		</member>
		<member name="T:UnityEditor.MovieImporter">
			<summary></summary>
		</member>
		<member name="M:UnityEditor.EditorApplication.RepaintHierarchyWindow()">
			<summary></summary>
		</member>
		<member name="M:UnityEditor.MonoImporter.GetAllRuntimeMonoScripts()">
			<summary></summary>
		</member>
		<member name="P:UnityEditor.Selection.activeGameObject">
			<summary></summary>
		</member>
		<member name="F:UnityEditor.UnwrapParam.angleError">
			<summary></summary>
		</member>
		<member name="M:UnityEditor.EditorApplication.DirtyHierarchyWindowSorting()">
			<summary></summary>
		</member>
		<member name="T:UnityEditor.FontTextureCase">
			<summary></summary>
		</member>
		<member name="M:UnityEditor.MonoImporter.SetExecutionOrder(UnityEditor.MonoScript,System.Int32)">
			<summary></summary>
		</member>
		<member name="P:UnityEditor.Selection.activeObject">
			<summary></summary>
		</member>
		<member name="M:UnityEditor.MonoImporter.GetExecutionOrder(UnityEditor.MonoScript)">
			<summary></summary>
		</member>
		<member name="P:UnityEditor.Selection.activeInstanceID">
			<summary></summary>
		</member>
		<member name="M:UnityEditor.MonoImporter.GetScript()">
			<summary></summary>
		</member>
		<member name="P:UnityEditor.Selection.objects">
			<summary></summary>
		</member>
		<member name="M:UnityEditor.MonoImporter.GetDefaultReference(System.String)">
			<summary></summary>
		</member>
		<member name="P:UnityEditor.Selection.instanceIDs">
			<summary></summary>
		</member>
		<member name="T:UnityEditor.FontRenderingMode">
			<summary></summary>
		</member>
		<member name="T:UnityEditor.ClipAnimationMaskType">
			<summary></summary>
		</member>
		<member name="P:UnityEditor.Selection.assetGUIDs">
			<summary></summary>
		</member>
		<member name="M:UnityEditor.EditorApplication.Beep()">
			<summary></summary>
		</member>
		<member name="T:UnityEditor.ModelImporterClipAnimation">
			<summary></summary>
		</member>
		<member name="T:UnityEditor.MeshUtility">
			<summary></summary>
		</member>
		<member name="M:UnityEditor.MeshUtility.SetPerTriangleUV2(UnityEngine.Mesh,UnityEngine.Vector2[])">
			<summary></summary>
		</member>
		<member name="F:UnityEditor.UnwrapParam.areaError">
			<summary></summary>
		</member>
		<member name="T:UnityEditor.EditorGUI">
			<summary></summary>
		</member>
		<member name="F:UnityEditor.PropertyModification.propertyPath">
			<summary></summary>
		</member>
		<member name="M:UnityEditor.MeshUtility.SetMeshCompression(UnityEngine.Mesh,UnityEditor.ModelImporterMeshCompression)">
			<summary></summary>
		</member>
		<member name="M:UnityEditor.Selection.Contains(System.Int32)">
			<summary></summary>
		</member>
		<member name="M:UnityEditor.MeshUtility.GetMeshCompression(UnityEngine.Mesh)">
			<summary></summary>
		</member>
		<member name="M:UnityEditor.Selection.Contains(UnityEngine.Object)">
			<summary></summary>
		</member>
		<member name="M:UnityEditor.MeshUtility.Optimize(UnityEngine.Mesh)">
			<summary></summary>
		</member>
		<member name="T:UnityEditor.ArrayUtility">
			<summary></summary>
		</member>
		<member name="T:UnityEditor.TextureImporterMipFilter">
			<summary></summary>
		</member>
		<member name="M:UnityEditor.Selection.GetTransforms(UnityEditor.SelectionMode)">
			<summary></summary>
		</member>
		<member name="M:UnityEditor.ArrayUtility.Add(T[]&,T)">
			<summary></summary>
		</member>
		<member name="M:UnityEditor.Selection.GetFiltered(System.Type,UnityEditor.SelectionMode)">
			<summary></summary>
		</member>
		<member name="M:UnityEditor.ArrayUtility.ArrayEquals(T[],T[])">
			<summary></summary>
		</member>
		<member name="T:UnityEditor.TextureImporterGenerateCubemap">
			<summary></summary>
		</member>
		<member name="M:UnityEditor.ArrayUtility.AddRange(T[]&,T[])">
			<summary></summary>
		</member>
		<member name="M:UnityEditor.ArrayUtility.Insert(T[]&,System.Int32,T)">
			<summary></summary>
		</member>
		<member name="T:UnityEditor.EditorUtility">
			<summary></summary>
		</member>
		<member name="T:UnityEditor.ModelImporterMaterialName">
			<summary></summary>
		</member>
		<member name="M:UnityEditor.ArrayUtility.Remove(T[]&,T)">
			<summary></summary>
		</member>
		<member name="M:UnityEditor.ArrayUtility.FindAll(T[],System.Predicate`1<T>)">
			<summary></summary>
		</member>
		<member name="T:UnityEditor.ShaderUtil">
			<summary></summary>
		</member>
		<member name="T:UnityEditor.TextureImporterNPOTScale">
			<summary></summary>
		</member>
		<member name="M:UnityEditor.ArrayUtility.Find(T[],System.Predicate`1<T>)">
			<summary></summary>
		</member>
		<member name="T:UnityEditor.ModelImporterMaterialSearch">
			<summary></summary>
		</member>
		<member name="M:UnityEditor.ArrayUtility.FindIndex(T[],System.Predicate`1<T>)">
			<summary></summary>
		</member>
		<member name="M:UnityEditor.ArrayUtility.IndexOf(T[],T)">
			<summary></summary>
		</member>
		<member name="T:UnityEditor.TextureImporterNormalFilter">
			<summary></summary>
		</member>
		<member name="M:UnityEditor.ArrayUtility.LastIndexOf(T[],T)">
			<summary></summary>
		</member>
		<member name="T:UnityEditor.ModelImporterTangentSpaceMode">
			<summary></summary>
		</member>
		<member name="M:UnityEditor.ArrayUtility.RemoveAt(T[]&,System.Int32)">
			<summary></summary>
		</member>
		<member name="T:UnityEditor.TextureImporterType">
			<summary></summary>
		</member>
		<member name="M:UnityEditor.ArrayUtility.Contains(T[],T)">
			<summary></summary>
		</member>
		<member name="M:UnityEditor.ArrayUtility.Clear(T[]&)">
			<summary></summary>
		</member>
		<member name="T:UnityEditor.ModelImporterMeshCompression">
			<summary></summary>
		</member>
		<member name="T:UnityEditor.ViewTool">
			<summary></summary>
		</member>
		<member name="T:UnityEditor.ModelImporterAnimationCompression">
			<summary></summary>
		</member>
		<member name="T:UnityEditor.SpriteImportMode">
			<summary></summary>
		</member>
		<member name="T:UnityEditor.PivotMode">
			<summary></summary>
		</member>
		<member name="T:UnityEditor.ModelImporterGenerateAnimations">
			<summary></summary>
		</member>
		<member name="F:UnityEditor.PropertyModification.value">
			<summary></summary>
		</member>
		<member name="F:UnityEditor.UnwrapParam.hardAngle">
			<summary></summary>
		</member>
		<member name="M:UnityEditor.EditorUtility.RevealInFinder(System.String)">
			<summary></summary>
		</member>
		<member name="T:UnityEditor.MonoScript">
			<summary></summary>
		</member>
		<member name="T:UnityEditor.PivotRotation">
			<summary></summary>
		</member>
		<member name="T:UnityEditor.SpriteMetaData">
			<summary></summary>
		</member>
		<member name="M:UnityEditor.MonoScript.GetClass()">
			<summary></summary>
		</member>
		<member name="F:UnityEditor.SpriteMetaData.name">
			<summary></summary>
		</member>
		<member name="M:UnityEditor.MonoScript.FromMonoBehaviour(UnityEngine.MonoBehaviour)">
			<summary></summary>
		</member>
		<member name="T:UnityEditor.Tool">
			<summary></summary>
		</member>
		<member name="F:UnityEditor.SpriteMetaData.rect">
			<summary></summary>
		</member>
		<member name="M:UnityEditor.MonoScript.FromScriptableObject(UnityEngine.ScriptableObject)">
			<summary></summary>
		</member>
		<member name="F:UnityEditor.SpriteMetaData.alignment">
			<summary></summary>
		</member>
		<member name="F:UnityEditor.SpriteMetaData.pivot">
			<summary></summary>
		</member>
		<member name="F:UnityEditor.SpriteMetaData.border">
			<summary></summary>
		</member>
		<member name="T:UnityEditor.TextureImporter">
			<summary></summary>
		</member>
		<member name="T:UnityEditor.Tools">
			<summary></summary>
		</member>
		<member name="T:UnityEditor.GameObjectUtility">
			<summary></summary>
		</member>
		<member name="T:UnityEditor.TextureImporterSettings">
			<summary></summary>
		</member>
		<member name="T:UnityEditor.GenericMenu">
			<summary></summary>
		</member>
		<member name="M:UnityEditor.GenericMenu.AddItem(UnityEngine.GUIContent,System.Boolean,UnityEditor.GenericMenu/MenuFunction)">
			<summary></summary>
		</member>
		<member name="M:UnityEditor.GenericMenu.AddItem(UnityEngine.GUIContent,System.Boolean,UnityEditor.GenericMenu/MenuFunction2,System.Object)">
			<summary></summary>
		</member>
		<member name="M:UnityEditor.GenericMenu.AddDisabledItem(UnityEngine.GUIContent)">
			<summary></summary>
		</member>
		<member name="M:UnityEditor.GenericMenu.AddSeparator(System.String)">
			<summary></summary>
		</member>
		<member name="M:UnityEditor.GenericMenu.GetItemCount()">
			<summary></summary>
		</member>
		<member name="T:UnityEditor.LODUtility">
			<summary></summary>
		</member>
		<member name="M:UnityEditor.GenericMenu.ShowAsContext()">
			<summary></summary>
		</member>
		<member name="M:UnityEditor.GenericMenu.DropDown(UnityEngine.Rect)">
			<summary></summary>
		</member>
		<member name="M:UnityEditor.LODUtility.CalculateLODGroupBoundingBox(UnityEngine.LODGroup)">
			<summary></summary>
		</member>
		<member name="T:UnityEditor.GenericMenu/MenuItem">
			<summary></summary>
		</member>
		<member name="T:AssetModificationProcessor">
			<summary></summary>
		</member>
		<member name="T:UnityEditor.AssetModificationProcessor">
			<summary></summary>
		</member>
		<member name="T:UnityEditor.LightmapEditorSettings">
			<summary></summary>
		</member>
		<member name="T:UnityEditor.AssetPostprocessor">
			<summary></summary>
		</member>
		<member name="T:UnityEditor.HighlightSearchMode">
			<summary></summary>
		</member>
		<member name="P:UnityEditor.LightmapEditorSettings.maxAtlasWidth">
			<summary></summary>
		</member>
		<member name="F:UnityEditor.PropertyModification.objectReference">
			<summary></summary>
		</member>
		<member name="F:UnityEditor.UnwrapParam.packMargin">
			<summary></summary>
		</member>
		<member name="P:UnityEditor.AssetPostprocessor.assetPath">
			<summary></summary>
		</member>
		<member name="M:UnityEditor.EditorUtility.SetDirty(UnityEngine.Object)">
			<summary></summary>
		</member>
		<member name="P:UnityEditor.LightmapEditorSettings.maxAtlasHeight">
			<summary></summary>
		</member>
		<member name="P:UnityEditor.LightmapEditorSettings.resolution">
			<summary></summary>
		</member>
		<member name="T:UnityEditor.PrefabUtility">
			<summary></summary>
		</member>
		<member name="P:UnityEditor.AssetPostprocessor.assetImporter">
			<summary></summary>
		</member>
		<member name="T:UnityEditor.ShaderImporter">
			<summary></summary>
		</member>
		<member name="M:UnityEditor.UnwrapParam.SetDefaults()">
			<summary></summary>
		</member>
		<member name="P:UnityEditor.LightmapEditorSettings.textureCompression">
			<summary></summary>
		</member>
		<member name="T:UnityEditor.Highlighter">
			<summary></summary>
		</member>
		<member name="M:UnityEditor.ShaderImporter.GetShader()">
			<summary></summary>
		</member>
		<member name="T:UnityEditor.Unwrapping">
			<summary></summary>
		</member>
		<member name="P:UnityEditor.LightmapEditorSettings.aoMaxDistance">
			<summary></summary>
		</member>
		<member name="M:UnityEditor.ShaderImporter.SetDefaultTextures(System.String[],UnityEngine.Texture[])">
			<summary></summary>
		</member>
		<member name="M:UnityEditor.AssetPostprocessor.LogWarning(System.String)">
			<summary></summary>
		</member>
		<member name="P:UnityEditor.LightmapEditorSettings.padding">
			<summary></summary>
		</member>
		<member name="M:UnityEditor.ShaderImporter.GetDefaultTexture(System.String)">
			<summary></summary>
		</member>
		<member name="M:UnityEditor.AssetPostprocessor.LogWarning(System.String,UnityEngine.Object)">
			<summary></summary>
		</member>
		<member name="P:UnityEditor.LightmapEditorSettings.aoContrast">
			<summary></summary>
		</member>
		<member name="T:UnityEditor.AudioImporterFormat">
			<summary></summary>
		</member>
		<member name="M:UnityEditor.AssetPostprocessor.LogError(System.String)">
			<summary></summary>
		</member>
		<member name="P:UnityEditor.LightmapEditorSettings.aoAmount">
			<summary></summary>
		</member>
		<member name="M:UnityEditor.AssetPostprocessor.LogError(System.String,UnityEngine.Object)">
			<summary></summary>
		</member>
		<member name="P:UnityEditor.LightmapEditorSettings.lockAtlas">
			<summary></summary>
		</member>
		<member name="M:UnityEditor.AssetPostprocessor.GetVersion()">
			<summary></summary>
		</member>
		<member name="P:UnityEditor.LightmapEditorSettings.skyLightColor">
			<summary></summary>
		</member>
		<member name="T:UnityEditor.Lightmapping">
			<summary></summary>
		</member>
		<member name="P:UnityEditor.LightmapEditorSettings.skyLightIntensity">
			<summary></summary>
		</member>
		<member name="P:UnityEditor.LightmapEditorSettings.quality">
			<summary></summary>
		</member>
		<member name="M:UnityEditor.AssetPostprocessor.GetPostprocessOrder()">
			<summary></summary>
		</member>
		<member name="P:UnityEditor.LightmapEditorSettings.bounceBoost">
			<summary></summary>
		</member>
		<member name="T:UnityEditor.AssetImporter">
			<summary></summary>
		</member>
		<member name="P:UnityEditor.LightmapEditorSettings.finalGatherRays">
			<summary></summary>
		</member>
		<member name="P:UnityEditor.AssetImporter.assetPath">
			<summary></summary>
		</member>
		<member name="P:UnityEditor.LightmapEditorSettings.finalGatherContrastThreshold">
			<summary></summary>
		</member>
		<member name="P:UnityEditor.LightmapEditorSettings.finalGatherGradientThreshold">
			<summary></summary>
		</member>
		<member name="P:UnityEditor.AssetImporter.userData">
			<summary></summary>
		</member>
		<member name="P:UnityEditor.LightmapEditorSettings.finalGatherInterpolationPoints">
			<summary></summary>
		</member>
		<member name="P:UnityEditor.LightmapEditorSettings.lastUsedResolution">
			<summary></summary>
		</member>
		<member name="P:UnityEditor.LightmapEditorSettings.bounces">
			<summary></summary>
		</member>
		<member name="P:UnityEditor.LightmapEditorSettings.bounceIntensity">
			<summary></summary>
		</member>
		<member name="M:UnityEditor.AssetImporter.GetAtPath(System.String)">
			<summary></summary>
		</member>
		<member name="T:UnityEditor.AssetPreview">
			<summary></summary>
		</member>
		<member name="M:UnityEditor.AssetPreview.GetAssetPreview(UnityEngine.Object)">
			<summary></summary>
		</member>
		<member name="M:UnityEditor.AssetPreview.GetAssetPreview(System.Int32)">
			<summary></summary>
		</member>
		<member name="M:UnityEditor.AssetPreview.GetAssetPreview(System.Int32,System.Int32)">
			<summary></summary>
		</member>
		<member name="M:UnityEditor.AssetPreview.IsLoadingAssetPreview(System.Int32)">
			<summary></summary>
		</member>
		<member name="M:UnityEditor.AssetPreview.IsLoadingAssetPreview(System.Int32,System.Int32)">
			<summary></summary>
		</member>
		<member name="M:UnityEditor.EditorUtility.IsPersistent(UnityEngine.Object)">
			<summary></summary>
		</member>
		<member name="F:UnityEditor.PrefabUtility.prefabInstanceUpdated">
			<summary></summary>
		</member>
		<member name="M:UnityEditor.Unwrapping.GeneratePerTriangleUV(UnityEngine.Mesh)">
			<summary></summary>
		</member>
		<member name="M:UnityEditor.AssetPreview.IsLoadingAssetPreviews()">
			<summary></summary>
		</member>
		<member name="M:UnityEditor.AssetPreview.IsLoadingAssetPreviews(System.Int32)">
			<summary></summary>
		</member>
		<member name="M:UnityEditor.Unwrapping.GeneratePerTriangleUV(UnityEngine.Mesh,UnityEditor.UnwrapParam)">
			<summary></summary>
		</member>
		<member name="M:UnityEditor.AssetPreview.GetMiniThumbnail(UnityEngine.Object)">
			<summary></summary>
		</member>
		<member name="M:UnityEditor.AssetPreview.GetMiniTypeThumbnail(System.Type)">
			<summary></summary>
		</member>
		<member name="M:UnityEditor.AssetPreview.GetMiniTypeThumbnail(UnityEngine.Object)">
			<summary></summary>
		</member>
		<member name="P:UnityEditor.Lightmapping.isRunning">
			<summary></summary>
		</member>
		<member name="T:UnityEditor.NavMeshBuilder">
			<summary></summary>
		</member>
		<member name="P:UnityEditor.NavMeshBuilder.isRunning">
			<summary></summary>
		</member>
		<member name="M:UnityEditor.NavMeshBuilder.BuildNavMesh()">
			<summary></summary>
		</member>
		<member name="M:UnityEditor.NavMeshBuilder.BuildNavMeshAsync()">
			<summary></summary>
		</member>
		<member name="M:UnityEditor.NavMeshBuilder.ClearAllNavMeshes()">
			<summary></summary>
		</member>
		<member name="M:UnityEditor.NavMeshBuilder.Cancel()">
			<summary></summary>
		</member>
		<member name="M:UnityEditor.PrefabUtility.GetPrefabParent(UnityEngine.Object)">
			<summary></summary>
		</member>
		<member name="M:UnityEditor.Unwrapping.GenerateSecondaryUVSet(UnityEngine.Mesh)">
			<summary></summary>
		</member>
		<member name="M:UnityEditor.EditorUtility.DisplayDialog(System.String,System.String,System.String,System.String)">
			<summary></summary>
		</member>
		<member name="T:UnityEditor.TrueTypeFontImporter">
			<summary></summary>
		</member>
		<member name="M:UnityEditor.Unwrapping.GenerateSecondaryUVSet(UnityEngine.Mesh,UnityEditor.UnwrapParam)">
			<summary></summary>
		</member>
		<member name="M:UnityEditor.EditorUtility.DisplayDialog(System.String,System.String,System.String)">
			<summary></summary>
		</member>
		<member name="P:UnityEditor.TrueTypeFontImporter.fontSize">
			<summary></summary>
		</member>
		<member name="M:UnityEditor.Lightmapping.BakeAsync()">
			<summary></summary>
		</member>
		<member name="M:UnityEditor.PrefabUtility.GetPrefabObject(UnityEngine.Object)">
			<summary></summary>
		</member>
		<member name="T:UnityEditor.StaticOcclusionCulling">
			<summary></summary>
		</member>
		<member name="P:UnityEditor.TrueTypeFontImporter.fontTextureCase">
			<summary></summary>
		</member>
		<member name="T:UnityEditor.StaticOcclusionCullingVisualization">
			<summary></summary>
		</member>
		<member name="P:UnityEditor.TrueTypeFontImporter.includeFontData">
			<summary></summary>
		</member>
		<member name="P:UnityEditor.TrueTypeFontImporter.fontNames">
			<summary></summary>
		</member>
		<member name="P:UnityEditor.TrueTypeFontImporter.customCharacters">
			<summary></summary>
		</member>
		<member name="P:UnityEditor.TrueTypeFontImporter.fontTTFName">
			<summary></summary>
		</member>
		<member name="P:UnityEditor.TrueTypeFontImporter.characterSpacing">
			<summary></summary>
		</member>
		<member name="P:UnityEditor.TrueTypeFontImporter.characterPadding">
			<summary></summary>
		</member>
		<member name="P:UnityEditor.TrueTypeFontImporter.fontRenderingMode">
			<summary></summary>
		</member>
		<member name="M:UnityEditor.TrueTypeFontImporter.GenerateEditableFont(System.String)">
			<summary></summary>
		</member>
		<member name="M:UnityEditor.EditorUtility.DisplayDialogComplex(System.String,System.String,System.String,System.String,System.String)">
			<summary></summary>
		</member>
		<member name="M:UnityEditor.PrefabUtility.GetPropertyModifications(UnityEngine.Object)">
			<summary></summary>
		</member>
		<member name="M:UnityEditor.Lightmapping.Bake()">
			<summary></summary>
		</member>
		<member name="M:UnityEditor.Lightmapping.BakeSelectedAsync()">
			<summary></summary>
		</member>
		<member name="M:UnityEditor.EditorUtility.OpenFilePanel(System.String,System.String,System.String)">
			<summary></summary>
		</member>
		<member name="M:UnityEditor.PrefabUtility.SetPropertyModifications(UnityEngine.Object,UnityEditor.PropertyModification[])">
			<summary></summary>
		</member>
		<member name="M:UnityEditor.PrefabUtility.InstantiateAttachedAsset(UnityEngine.Object)">
			<summary></summary>
		</member>
		<member name="M:UnityEditor.Lightmapping.BakeSelected()">
			<summary></summary>
		</member>
		<member name="M:UnityEditor.EditorUtility.SaveFilePanel(System.String,System.String,System.String,System.String)">
			<summary></summary>
		</member>
		<member name="M:UnityEditor.Lightmapping.BakeLightProbesOnlyAsync()">
			<summary></summary>
		</member>
		<member name="M:UnityEditor.EditorUtility.NaturalCompare(System.String,System.String)">
			<summary></summary>
		</member>
		<member name="M:UnityEditor.PrefabUtility.RecordPrefabInstancePropertyModifications(UnityEngine.Object)">
			<summary></summary>
		</member>
		<member name="M:UnityEditor.Lightmapping.BakeLightProbesOnly()">
			<summary></summary>
		</member>
		<member name="M:UnityEditor.EditorUtility.OpenFolderPanel(System.String,System.String,System.String)">
			<summary></summary>
		</member>
		<member name="M:UnityEditor.PrefabUtility.MergeAllPrefabInstances(UnityEngine.Object)">
			<summary></summary>
		</member>
		<member name="M:UnityEditor.EditorUtility.SaveFolderPanel(System.String,System.String,System.String)">
			<summary></summary>
		</member>
		<member name="M:UnityEditor.Lightmapping.Cancel()">
			<summary></summary>
		</member>
		<member name="M:UnityEditor.PrefabUtility.DisconnectPrefabInstance(UnityEngine.Object)">
			<summary></summary>
		</member>
		<member name="M:UnityEditor.Lightmapping.Clear()">
			<summary></summary>
		</member>
		<member name="M:UnityEditor.PrefabUtility.InstantiatePrefab(UnityEngine.Object)">
			<summary></summary>
		</member>
		<member name="M:UnityEditor.EditorUtility.SaveFilePanelInProject(System.String,System.String,System.String,System.String)">
			<summary></summary>
		</member>
		<member name="M:UnityEditor.EditorUtility.SaveFilePanelInProject(System.String,System.String,System.String,System.String,System.String)">
			<summary></summary>
		</member>
		<member name="M:UnityEditor.Lightmapping.Tetrahedralize(UnityEngine.Vector3[],System.Int32[]&,UnityEngine.Vector3[]&)">
			<summary></summary>
		</member>
		<member name="M:UnityEditor.PrefabUtility.CreateEmptyPrefab(System.String)">
			<summary></summary>
		</member>
		<member name="M:UnityEditor.EditorUtility.InstanceIDToObject(System.Int32)">
			<summary></summary>
		</member>
		<member name="M:UnityEditor.PrefabUtility.CreatePrefab(System.String,UnityEngine.GameObject,UnityEditor.ReplacePrefabOptions)">
			<summary></summary>
		</member>
		<member name="M:UnityEditor.EditorUtility.CompressTexture(UnityEngine.Texture2D,UnityEngine.TextureFormat,System.Int32)">
			<summary></summary>
		</member>
		<member name="M:UnityEditor.PrefabUtility.CreatePrefab(System.String,UnityEngine.GameObject)">
			<summary></summary>
		</member>
		<member name="M:UnityEditor.EditorUtility.CompressTexture(UnityEngine.Texture2D,UnityEngine.TextureFormat,UnityEngine.TextureCompressionQuality)">
			<summary></summary>
		</member>
		<member name="M:UnityEditor.EditorUtility.CompressTexture(UnityEngine.Texture2D,UnityEngine.TextureFormat)">
			<summary></summary>
		</member>
		<member name="M:UnityEditor.EditorUtility.CopySerialized(UnityEngine.Object,UnityEngine.Object)">
			<summary></summary>
		</member>
		<member name="M:UnityEditor.PrefabUtility.ReplacePrefab(UnityEngine.GameObject,UnityEngine.Object,UnityEditor.ReplacePrefabOptions)">
			<summary></summary>
		</member>
		<member name="M:UnityEditor.PrefabUtility.ReplacePrefab(UnityEngine.GameObject,UnityEngine.Object)">
			<summary></summary>
		</member>
		<member name="M:UnityEditor.PrefabUtility.FindRootGameObjectWithSameParentPrefab(UnityEngine.GameObject)">
			<summary></summary>
		</member>
		<member name="M:UnityEditor.EditorUtility.CollectDependencies(UnityEngine.Object[])">
			<summary></summary>
		</member>
		<member name="M:UnityEditor.PrefabUtility.FindValidUploadPrefabInstanceRoot(UnityEngine.GameObject)">
			<summary></summary>
		</member>
		<member name="M:UnityEditor.EditorUtility.CollectDeepHierarchy(UnityEngine.Object[])">
			<summary></summary>
		</member>
		<member name="M:UnityEditor.EditorUtility.UnloadUnusedAssets()">
			<summary></summary>
		</member>
		<member name="M:UnityEditor.PrefabUtility.ReconnectToLastPrefab(UnityEngine.GameObject)">
			<summary></summary>
		</member>
		<member name="M:UnityEditor.EditorUtility.UnloadUnusedAssetsIgnoreManagedReferences()">
			<summary></summary>
		</member>
		<member name="M:UnityEditor.PrefabUtility.ResetToPrefabState(UnityEngine.Object)">
			<summary></summary>
		</member>
		<member name="M:UnityEditor.EditorUtility.DisplayPopupMenu(UnityEngine.Rect,System.String,UnityEditor.MenuCommand)">
			<summary></summary>
		</member>
		<member name="M:UnityEditor.PrefabUtility.IsComponentAddedToPrefabInstance(UnityEngine.Object)">
			<summary></summary>
		</member>
		<member name="M:UnityEditor.PrefabUtility.RevertPrefabInstance(UnityEngine.GameObject)">
			<summary></summary>
		</member>
		<member name="M:UnityEditor.EditorUtility.FocusProjectWindow()">
			<summary></summary>
		</member>
		<member name="M:UnityEditor.PrefabUtility.GetPrefabType(UnityEngine.Object)">
			<summary></summary>
		</member>
		<member name="M:UnityEditor.EditorUtility.FormatBytes(System.Int32)">
			<summary></summary>
		</member>
		<member name="M:UnityEditor.EditorUtility.FormatBytes(System.Int64)">
			<summary></summary>
		</member>
		<member name="M:UnityEditor.PrefabUtility.FindPrefabRoot(UnityEngine.GameObject)">
			<summary></summary>
		</member>
		<member name="M:UnityEditor.EditorUtility.DisplayProgressBar(System.String,System.String,System.Single)">
			<summary></summary>
		</member>
		<member name="T:UnityEditor.Undo">
			<summary></summary>
		</member>
		<member name="F:UnityEditor.Undo.undoRedoPerformed">
			<summary></summary>
		</member>
		<member name="F:UnityEditor.Undo.willFlushUndoRecord">
			<summary></summary>
		</member>
		<member name="F:UnityEditor.Undo.postprocessModifications">
			<summary></summary>
		</member>
		<member name="M:UnityEditor.Undo.RegisterCompleteObjectUndo(UnityEngine.Object,System.String)">
			<summary></summary>
		</member>
		<member name="M:UnityEditor.Undo.RegisterCompleteObjectUndo(UnityEngine.Object[],System.String)">
			<summary></summary>
		</member>
		<member name="M:UnityEditor.Undo.SetTransformParent(UnityEngine.Transform,UnityEngine.Transform,System.String)">
			<summary></summary>
		</member>
		<member name="M:UnityEditor.Undo.RegisterCreatedObjectUndo(UnityEngine.Object,System.String)">
			<summary></summary>
		</member>
		<member name="M:UnityEditor.Undo.DestroyObjectImmediate(UnityEngine.Object)">
			<summary></summary>
		</member>
		<member name="M:UnityEditor.Undo.AddComponent(UnityEngine.GameObject,System.Type)">
			<summary></summary>
		</member>
		<member name="M:UnityEditor.Undo.AddComponent(UnityEngine.GameObject)">
			<summary></summary>
		</member>
		<member name="M:UnityEditor.Undo.RegisterFullObjectHierarchyUndo(UnityEngine.Object,System.String)">
			<summary></summary>
		</member>
		<member name="M:UnityEditor.Undo.RegisterFullObjectHierarchyUndo(UnityEngine.Object)">
			<summary></summary>
		</member>
		<member name="M:UnityEditor.Undo.RecordObject(UnityEngine.Object,System.String)">
			<summary></summary>
		</member>
		<member name="M:UnityEditor.Undo.RecordObjects(UnityEngine.Object[],System.String)">
			<summary></summary>
		</member>
		<member name="M:UnityEditor.Undo.ClearUndo(UnityEngine.Object)">
			<summary></summary>
		</member>
		<member name="M:UnityEditor.Undo.PerformUndo()">
			<summary></summary>
		</member>
		<member name="M:UnityEditor.Undo.PerformRedo()">
			<summary></summary>
		</member>
		<member name="M:UnityEditor.Undo.IncrementCurrentGroup()">
			<summary></summary>
		</member>
		<member name="M:UnityEditor.Undo.GetCurrentGroup()">
			<summary></summary>
		</member>
		<member name="M:UnityEditor.Undo.RevertAllInCurrentGroup()">
			<summary></summary>
		</member>
		<member name="M:UnityEditor.EditorUtility.DisplayCancelableProgressBar(System.String,System.String,System.Single)">
			<summary></summary>
		</member>
		<member name="M:UnityEditor.Undo.RevertAllDownToGroup(System.Int32)">
			<summary></summary>
		</member>
		<member name="M:UnityEditor.Undo.CollapseUndoOperations(System.Int32)">
			<summary></summary>
		</member>
		<member name="M:UnityEditor.Undo.FlushUndoRecordObjects()">
			<summary></summary>
		</member>
		<member name="M:UnityEditor.EditorUtility.ClearProgressBar()">
			<summary></summary>
		</member>
		<member name="M:UnityEditor.EditorUtility.GetObjectEnabled(UnityEngine.Object)">
			<summary></summary>
		</member>
		<member name="M:UnityEditor.EditorUtility.SetObjectEnabled(UnityEngine.Object,System.Boolean)">
			<summary></summary>
		</member>
		<member name="M:UnityEditor.EditorUtility.SetSelectedWireframeHidden(UnityEngine.Renderer,System.Boolean)">
			<summary></summary>
		</member>
		<member name="M:UnityEditor.EditorUtility.ExtractOggFile(UnityEngine.Object,System.String)">
			<summary></summary>
		</member>
		<member name="M:UnityEditor.EditorUtility.CreateGameObjectWithHideFlags(System.String,UnityEngine.HideFlags,System.Type[])">
			<summary></summary>
		</member>
		<member name="T:UnityEditor.MenuItem">
			<summary></summary>
		</member>
		<member name="T:UnityEditor.MenuCommand">
			<summary></summary>
		</member>
		<member name="F:UnityEditor.MenuCommand.context">
			<summary></summary>
		</member>
		<member name="F:UnityEditor.MenuCommand.userData">
			<summary></summary>
		</member>
		<member name="T:UnityEditor.GizmoType">
			<summary></summary>
		</member>
		<member name="T:UnityEditor.DrawGizmo">
			<summary></summary>
		</member>
		<member name="T:UnityEditor.EditorPrefs">
			<summary></summary>
		</member>
		<member name="M:UnityEditor.EditorPrefs.SetInt(System.String,System.Int32)">
			<summary></summary>
		</member>
		<member name="M:UnityEditor.EditorPrefs.GetInt(System.String,System.Int32)">
			<summary></summary>
		</member>
		<member name="M:UnityEditor.EditorPrefs.GetInt(System.String)">
			<summary></summary>
		</member>
		<member name="M:UnityEditor.EditorPrefs.SetFloat(System.String,System.Single)">
			<summary></summary>
		</member>
		<member name="M:UnityEditor.EditorPrefs.GetFloat(System.String,System.Single)">
			<summary></summary>
		</member>
		<member name="M:UnityEditor.EditorPrefs.GetFloat(System.String)">
			<summary></summary>
		</member>
		<member name="M:UnityEditor.EditorPrefs.SetString(System.String,System.String)">
			<summary></summary>
		</member>
		<member name="M:UnityEditor.EditorPrefs.GetString(System.String,System.String)">
			<summary></summary>
		</member>
		<member name="M:UnityEditor.EditorPrefs.GetString(System.String)">
			<summary></summary>
		</member>
		<member name="M:UnityEditor.EditorPrefs.SetBool(System.String,System.Boolean)">
			<summary></summary>
		</member>
		<member name="M:UnityEditor.EditorPrefs.GetBool(System.String,System.Boolean)">
			<summary></summary>
		</member>
		<member name="M:UnityEditor.EditorPrefs.GetBool(System.String)">
			<summary></summary>
		</member>
		<member name="M:UnityEditor.EditorPrefs.HasKey(System.String)">
			<summary></summary>
		</member>
		<member name="M:UnityEditor.EditorPrefs.DeleteKey(System.String)">
			<summary></summary>
		</member>
		<member name="M:UnityEditor.EditorPrefs.DeleteAll()">
			<summary></summary>
		</member>
		<member name="T:UnityEditor.Help">
			<summary></summary>
		</member>
		<member name="M:UnityEditor.Help.HasHelpForObject(UnityEngine.Object)">
			<summary></summary>
		</member>
		<member name="M:UnityEditor.Help.HasHelpForObject(UnityEngine.Object,System.Boolean)">
			<summary></summary>
		</member>
		<member name="M:UnityEditor.Help.ShowHelpForObject(UnityEngine.Object)">
			<summary></summary>
		</member>
		<member name="M:UnityEditor.Help.ShowHelpPage(System.String)">
			<summary></summary>
		</member>
		<member name="M:UnityEditor.Help.BrowseURL(System.String)">
			<summary></summary>
		</member>
		<member name="T:UnityEditor.ObjectNames">
			<summary></summary>
		</member>
		<member name="M:UnityEditor.ObjectNames.NicifyVariableName(System.String)">
			<summary></summary>
		</member>
		<member name="M:UnityEditor.ObjectNames.GetInspectorTitle(UnityEngine.Object)">
			<summary></summary>
		</member>
		<member name="M:UnityEditor.ObjectNames.GetClassName(UnityEngine.Object)">
			<summary></summary>
		</member>
		<member name="M:UnityEditor.ObjectNames.GetDragAndDropTitle(UnityEngine.Object)">
			<summary></summary>
		</member>
		<member name="M:UnityEditor.ObjectNames.SetNameSmart(UnityEngine.Object,System.String)">
			<summary></summary>
		</member>
		<member name="T:UnityEditor.DragAndDropVisualMode">
			<summary></summary>
		</member>
		<member name="T:UnityEditor.DragAndDrop">
			<summary></summary>
		</member>
		<member name="P:UnityEditor.DragAndDrop.objectReferences">
			<summary></summary>
		</member>
		<member name="P:UnityEditor.DragAndDrop.paths">
			<summary></summary>
		</member>
		<member name="P:UnityEditor.DragAndDrop.visualMode">
			<summary></summary>
		</member>
		<member name="P:UnityEditor.DragAndDrop.activeControlID">
			<summary></summary>
		</member>
		<member name="M:UnityEditor.DragAndDrop.PrepareStartDrag()">
			<summary></summary>
		</member>
		<member name="M:UnityEditor.DragAndDrop.StartDrag(System.String)">
			<summary></summary>
		</member>
		<member name="M:UnityEditor.DragAndDrop.AcceptDrag()">
			<summary></summary>
		</member>
		<member name="M:UnityEditor.DragAndDrop.GetGenericData(System.String)">
			<summary></summary>
		</member>
		<member name="M:UnityEditor.DragAndDrop.SetGenericData(System.String,System.Object)">
			<summary></summary>
		</member>
	</members>
</doc>
